Following;Important
Herstel_NL;x
CoronaOnderzoek;x
OudersDe;x
WillTherese;
amnestynl;
BuuropReis;x
BertHuisjes;x
WNLOpiniemakers;?
WNLVandaag;?
ArmandGirbes;x
ClaimedIn;x
PaulvanLiempt;
eduardschaepman;
volkskrant;
ADnl;
_GezondVerstand;x
irene_kamp;x
aukew;x
JKNL;x
toineheijmans;
tussenmeer;x
leonardwitkamp;x
DaanDeWit;x
wierdduk;
Ronald_Roothans;x
huisartsleiden;x
hapelensrob;x
ZelfzorgCovid19;x
MdeGruyter;x
Chr1stenJohn;
Sabrina_Nachter;x
Gezondheidszorg;x
DStuijver;x
medischcontact;x
BartVanHelden1;x
hetAVL;x
Infocadl2015;x
VoedingLeeft;x
GvRookvrij;x
uri4u;
vrijensociaal;
RutgervdNoort;x
arts_leefstijl;x
J_van_Roosmalen;x
BorgerPieter;x
hugovdwedden;x
OpiniezMagazine;
JoostNiemoller;
JornLuka;
artsJannes;x
HenkKrol;
Wdekanter;x
corenona20;x
Alicia1984N;x
dutchanddonts;x
IkNet;
RenskeLeijten;
PieterOmtzigt;
WilcoBoom;
michadewinter;
BrbaraAbecassi1;
_basjacobs;
op1npo;
MauricevdBosch;x
BertMesselink;x
BetermetBUi;x
NieuwsNL_GO;
rivm;
DevliegerErik;
nvzziekenhuizen;x
KNMP;x
KNMG;x
LUMC_Leiden;
bds_lumc;
VPROTegenlicht;
DeGroene;
parool;
trouw;
FDNyenrode;
nrc;
telegraaf;
Burg48246165;
Peter_Voshol;x
GRekenkamer;
m2_nl;x
MickdeVlieger;
yvesgijrath;
sypwynia;
AldoHouterman;
radboudumc_weet;
swedoc;
Gerben076;
marliesdekkers;
huisartslieneke;x
blckbxnews;
OmroepON;
margabult;
PolderPaleo;
GioMeijer;x
SanderSchimmelp;
FransKusse;
HPdeTijdNL;
Fitdieet;x
Giliam_Kuijpers;
tonvanhaperen;
Coach_Mindtrain;x
Hybrid871;
hommel_b;
RF_HFC;x
koosdirkse;x
De_NieuweWereld;
mauricedehond;
SchwenckeKarina;
mariannezw;
DokterJanneke;x
NLBeter;
EsthervanFenema;x
hansvantelling;
